full_name,org,name,category,default_branch,commit_count_24h,newest_commit_date,commit1_date,commit1_headline,commit1_url,commit1_author,commit1_pr_number,commit1_pr_title,commit1_pr_url,commit2_date,commit2_headline,commit2_url,commit2_author,commit2_pr_number,commit2_pr_title,commit2_pr_url,commit3_date,commit3_headline,commit3_url,commit3_author,commit3_pr_number,commit3_pr_title,commit3_pr_url,commit4_date,commit4_headline,commit4_url,commit4_author,commit4_pr_number,commit4_pr_title,commit4_pr_url,commit5_date,commit5_headline,commit5_url,commit5_author,commit5_pr_number,commit5_pr_title,commit5_pr_url
MicrosoftDocs/azure-docs,MicrosoftDocs,azure-docs,docs,main,36,2026-02-16T12:08:17Z,2026-02-16T12:08:17Z,Merge pull request #311851 from MicrosoftDocs/main,https://github.com/MicrosoftDocs/azure-docs/commit/56bd148f527fe3c677f63d247e52e9ce5a38f1d1,learn-build-service-prod[bot] (@learn-build-service-prod[bot]),,,,2026-02-16T11:46:05Z,Merge pull request #311850 from n-bajaj/patch-18,https://github.com/MicrosoftDocs/azure-docs/commit/32be8f2fb7b4ab572527ff6fbade031a5c55e7fa,prmerger-automator[bot] (@prmerger-automator[bot]),,,,2026-02-16T11:33:19Z,Update discovered-metadata.md with pending updates info,https://github.com/MicrosoftDocs/azure-docs/commit/11b2f430809665b3b47acbcb14b0992a50e59b25,Nikita Bajaj (@n-bajaj),,,,2026-02-16T11:22:23Z,Merge pull request #311849 from AbhishekMallick-MS/Feb-16-2026-AIopti…,https://github.com/MicrosoftDocs/azure-docs/commit/5d4968ac807b346abff5b4626edc709516a8d8fc,prmerger-automator[bot] (@prmerger-automator[bot]),,,,2026-02-16T10:56:56Z,AI optimization - Backup policy create/update - H2 updates,https://github.com/MicrosoftDocs/azure-docs/commit/b5277b78e6a201e7424cedb831cad4633c9dba06,Abhishek Mallick (@AbhishekMallick-MS),,,
dotnet/orleans,dotnet,orleans,docs,main,13,2026-02-15T23:19:47Z,2026-02-15T23:19:47Z,chore: Using IMeterFactory for metrics - ApplicationRequestInstrument…,https://github.com/dotnet/orleans/commit/7ecb7e95a32eb6c99b492f72e257ca8ebbcea5cd,Meir Blachman (@Meir017),9656,chore: Using IMeterFactory for metrics - ApplicationRequestInstruments,https://github.com/dotnet/orleans/pull/9656,2026-02-15T23:14:56Z,Rename IDurableJobContext to IJobRunContext  (#9798),https://github.com/dotnet/orleans/commit/05053b60642bcad254260e0ca4fcc5d0d17b73ba,Benjamin Petit (@benjaminpetit),9798,Rename IDurableJobContext to IJobRunContext,https://github.com/dotnet/orleans/pull/9798,2026-02-15T22:56:15Z,Start ActivationRebalancerMonitor without eagerly fetching a report (…,https://github.com/dotnet/orleans/commit/9f17d8f7ad96ae5bd92767f5c7b38de7e5ceb200,Reuben Bond (@ReubenBond),9228,Start ActivationRebalancerMonitor without eagerly fetching a report,https://github.com/dotnet/orleans/pull/9228,2026-02-15T22:24:47Z,Migrates Consul tests to use Testcontainers (#9707),https://github.com/dotnet/orleans/commit/969fae1c78fa40a9a3db36d7d7a5e8abc6ca87f1,Meir Blachman (@Meir017),9707,Migrates Consul tests to use Testcontainers,https://github.com/dotnet/orleans/pull/9707,2026-02-15T21:52:49Z,Add MemoryPack Serializer (#9838),https://github.com/dotnet/orleans/commit/e72de97ed876d66d08a2987729438dfc208725e6,Drecik (@Drecik),9838,Add MemoryPack Serializer,https://github.com/dotnet/orleans/pull/9838
MicrosoftDocs/defender-docs,MicrosoftDocs,defender-docs,docs,public,10,2026-02-16T13:33:53Z,2026-02-16T13:33:53Z,Merging changes synced from https://github.com/MicrosoftDocs/defender…,https://github.com/MicrosoftDocs/defender-docs/commit/9771fe527de643a79249fb82b968aae4033834f9,Learn Build Service GitHub App,,,,2026-02-16T13:32:31Z,Merge pull request #6521 from MicrosoftDocs/main,https://github.com/MicrosoftDocs/defender-docs/commit/dab4c4ef80bb814893ec404152f9210d0152c554,learn-build-service-prod[bot] (@learn-build-service-prod[bot]),,,,2026-02-16T13:24:58Z,Merge pull request #6520 from paulinbar/painbar-enable-network-protec…,https://github.com/MicrosoftDocs/defender-docs/commit/8b8fef0b909e98589524b6e079da1fb4a42c2a75,Paul Inbar (@paulinbar),,,,2026-02-16T13:19:33Z,Enable network protection changes upon review,https://github.com/MicrosoftDocs/defender-docs/commit/ad5b2c598c45b623e3a97b641ea109d2b8cea2a6,Paul Inbar (@paulinbar),,,,2026-02-16T08:34:49Z,Merging changes synced from https://github.com/MicrosoftDocs/defender…,https://github.com/MicrosoftDocs/defender-docs/commit/59a94fb9efb188b2d4c1a06ca4d09a01772ef320,Learn Build Service GitHub App,,,
dotnet/runtime,dotnet,runtime,docs,main,10,2026-02-16T13:18:47Z,2026-02-16T13:18:47Z,Fix tree type in impStoreNullableFields and impLoadNullableFields for…,https://github.com/dotnet/runtime/commit/908c168c19935e61ceeb86ff90b0db611102fcc2,Egor Bogatov (@EgorBo),124432,Fix tree type in impStoreNullableFields and impLoadNullableFields for simds,https://github.com/dotnet/runtime/pull/124432,2026-02-16T12:48:53Z,Fixed excessive capacity allocation in `ValueListBuilder<T>` (#119644),https://github.com/dotnet/runtime/commit/2ec033b0cecf21f67a2431caa8efaebc1dd77b14,kzrnm (@kzrnm),119644,Fixed excessive capacity allocation in `ValueListBuilder<T>`,https://github.com/dotnet/runtime/pull/119644,2026-02-16T12:00:35Z,JIT: Remove `dataSection` flexible array (#124373),https://github.com/dotnet/runtime/commit/3249bf9c00a285a31602df026c0bc2d91a160456,Jakob Botsch Nielsen (@jakobbotsch),124373,JIT: Remove `dataSection` flexible array,https://github.com/dotnet/runtime/pull/124373,2026-02-16T11:39:03Z,[HTTP] Fix test race with semaphore. (#124388),https://github.com/dotnet/runtime/commit/bf624940f0e1796d78f1b1817ffd8842e66727a4,Marie Píchová (@ManickaP),124388,[HTTP] Fix test race with semaphore.,https://github.com/dotnet/runtime/pull/124388,2026-02-16T09:12:00Z,[HTTP] Remove stale ActiveIssue overrides for #72586  (#124384),https://github.com/dotnet/runtime/commit/8ef41435fc56aff88fe90469c5747bf8175a970e,Marie Píchová (@ManickaP),124384,[HTTP] Remove stale ActiveIssue overrides for #72586,https://github.com/dotnet/runtime/pull/124384
microsoft/vscode-docs,microsoft,vscode-docs,docs,main,9,2026-02-16T13:26:49Z,2026-02-16T13:26:49Z,Merge pull request #9424 from microsoft/ntrogh/insiders-relnotes,https://github.com/microsoft/vscode-docs/commit/a9ddb5bf409e4e5065958e693955e98081c3d59d,Nick Trogh (@ntrogh),9424,Update Insiders release notes,https://github.com/microsoft/vscode-docs/pull/9424,2026-02-16T12:55:56Z,Update Insiders release notes,https://github.com/microsoft/vscode-docs/commit/84f28007e93d536f853362feef8be0288f7c557f,Nick Trogh (@ntrogh),9424,Update Insiders release notes,https://github.com/microsoft/vscode-docs/pull/9424,2026-02-16T09:04:19Z,Merge pull request #9423 from microsoft/ntrogh/release-issue-link,https://github.com/microsoft/vscode-docs/commit/7f9cc7d68ec0ff43e8849ffd0fa78b35d2106753,Nick Trogh (@ntrogh),9423,Fix issue link in release notes,https://github.com/microsoft/vscode-docs/pull/9423,2026-02-16T08:41:43Z,Fix issue link in release notes,https://github.com/microsoft/vscode-docs/commit/8f9ad1a71027c6609c0f8d53ce2009024d6e9b85,Nick Trogh (@ntrogh),9423,Fix issue link in release notes,https://github.com/microsoft/vscode-docs/pull/9423,2026-02-16T02:05:31Z,Merge pull request #9410 from microsoft/hooks-premium-requests-enterp…,https://github.com/microsoft/vscode-docs/commit/f2ab98c32368dae2fcd61dc9c7cbb8aafff8d4c7,Harald Kirschner (@digitarald),9410,docs: add premium request cost note for stop hooks and ChatHooks enterprise policy,https://github.com/microsoft/vscode-docs/pull/9410
MicrosoftDocs/azure-security-docs,MicrosoftDocs,azure-security-docs,docs,main,9,2026-02-16T12:02:00Z,2026-02-16T12:02:00Z,Merge pull request #2520 from MicrosoftDocs/main,https://github.com/MicrosoftDocs/azure-security-docs/commit/b71dc4aa1e40495b5031cb7afc6ec66502abf0bb,learn-build-service-prod[bot] (@learn-build-service-prod[bot]),,,,2026-02-16T10:36:04Z,Merge pull request #2519 from erelh/patch-1,https://github.com/MicrosoftDocs/azure-security-docs/commit/89e4d7614d00c1fcc7365a403a9eb49208031979,prmerger-automator[bot] (@prmerger-automator[bot]),,,,2026-02-16T10:17:34Z,Merge pull request #2516 from ElazarK/release-notes-page-fix,https://github.com/MicrosoftDocs/azure-security-docs/commit/a554364efc3e5f4d84425b3b7c427a846206f276,Tracey Torble (@ttorble),,,,2026-02-16T10:09:31Z,Remove LinuxAuditLog from ingestion benefits,https://github.com/MicrosoftDocs/azure-security-docs/commit/2952cdfffa9e7761143420b14a23a378e83e0039,Erel Hansav (@erelh),,,,2026-02-16T08:26:49Z,Merge branch 'main' of https://github.com/MicrosoftDocs/azure-securit…,https://github.com/MicrosoftDocs/azure-security-docs/commit/4b1d06464059bd9b6ef9186697d94af4f05d1b7f,Elazar Krieger (@ElazarK),,,
MicrosoftDocs/webview2-win32-reference,MicrosoftDocs,webview2-win32-reference,docs,main,7,2026-02-16T08:28:23Z,2026-02-16T08:28:23Z,Merge pull request #136 from MicrosoftDocs/auto/146.0.3848.0,https://github.com/MicrosoftDocs/webview2-win32-reference/commit/2e1019b3dd29c388587cdc52fb00a075aaf1e737,Juhi Shah (@Ju-MsGit),136,WebView2: Update documentation for 146.0.3848.0,https://github.com/MicrosoftDocs/webview2-win32-reference/pull/136,2026-02-16T08:22:19Z,Merge branch 'main' into auto/146.0.3848.0,https://github.com/MicrosoftDocs/webview2-win32-reference/commit/dc0c16b658a02c9a8521052a80880f305e240997,Juhi Shah (@Ju-MsGit),136,WebView2: Update documentation for 146.0.3848.0,https://github.com/MicrosoftDocs/webview2-win32-reference/pull/136,2026-02-16T07:36:29Z,Merge pull request #135 from MicrosoftDocs/auto/145.0.3800.47,https://github.com/MicrosoftDocs/webview2-win32-reference/commit/8ae8b406518c105feb4cd532856b37f100f180c6,Juhi Shah (@Ju-MsGit),135,WebView2: Update documentation for 145.0.3800.47,https://github.com/MicrosoftDocs/webview2-win32-reference/pull/135,2026-02-16T07:08:26Z,Update interface content,https://github.com/MicrosoftDocs/webview2-win32-reference/commit/1e3d55ad0c271483bb96eb47498805479f7d7079,Juhi Shah,135,WebView2: Update documentation for 145.0.3800.47,https://github.com/MicrosoftDocs/webview2-win32-reference/pull/135,2026-02-16T07:05:10Z,Add and update interface content,https://github.com/MicrosoftDocs/webview2-win32-reference/commit/df888b04bfa5c15bfe3b4905f5f67bd28139ebb9,Juhi Shah,136,WebView2: Update documentation for 146.0.3848.0,https://github.com/MicrosoftDocs/webview2-win32-reference/pull/136
MicrosoftDocs/webview2-winrt-reference,MicrosoftDocs,webview2-winrt-reference,docs,main,7,2026-02-16T08:28:21Z,2026-02-16T08:28:21Z,Merge pull request #113 from MicrosoftDocs/auto/146.0.3848.0,https://github.com/MicrosoftDocs/webview2-winrt-reference/commit/ecc61265dfb72ded402f457872596ede7f729997,Juhi Shah (@Ju-MsGit),113,WebView2: Update documentation for 146.0.3848.0,https://github.com/MicrosoftDocs/webview2-winrt-reference/pull/113,2026-02-16T08:23:56Z,Merge branch 'main' into auto/146.0.3848.0,https://github.com/MicrosoftDocs/webview2-winrt-reference/commit/b5499f72af835a18313866fcf7f74102c4aeed60,Juhi Shah (@Ju-MsGit),113,WebView2: Update documentation for 146.0.3848.0,https://github.com/MicrosoftDocs/webview2-winrt-reference/pull/113,2026-02-16T08:23:13Z,Merge pull request #112 from MicrosoftDocs/auto/145.0.3800.47,https://github.com/MicrosoftDocs/webview2-winrt-reference/commit/e7627d79b467a537f80e89bf1191eb0e62c3e9e8,Juhi Shah (@Ju-MsGit),112,WebView2: Update documentation for 145.0.3800.47,https://github.com/MicrosoftDocs/webview2-winrt-reference/pull/112,2026-02-16T07:26:57Z,Add and update interface content,https://github.com/MicrosoftDocs/webview2-winrt-reference/commit/db5b41afed9b1d948bc27061ee047079691f0f15,Juhi Shah,113,WebView2: Update documentation for 146.0.3848.0,https://github.com/MicrosoftDocs/webview2-winrt-reference/pull/113,2026-02-16T07:17:41Z,Add and update interface content,https://github.com/MicrosoftDocs/webview2-winrt-reference/commit/d8a5325d83e296457dc8f39af81026ba2320a260,Juhi Shah,112,WebView2: Update documentation for 145.0.3800.47,https://github.com/MicrosoftDocs/webview2-winrt-reference/pull/112
MicrosoftDocs/azure-ai-docs,MicrosoftDocs,azure-ai-docs,docs,main,6,2026-02-16T12:03:04Z,2026-02-16T12:03:04Z,Merge pull request #10326 from MicrosoftDocs/main,https://github.com/MicrosoftDocs/azure-ai-docs/commit/cf9dd0143e95dc443b55e0e3594ba422b773dc7f,learn-build-service-prod[bot] (@learn-build-service-prod[bot]),,,,2026-02-16T09:30:30Z,Merge pull request #10224 from lgayhardt/obsoverview0226,https://github.com/MicrosoftDocs/azure-ai-docs/commit/248efbf51370d89a3ffbed464d0cc9f1ce87c000,Tracey Torble (@ttorble),,,,2026-02-16T06:02:32Z,Merge pull request #10325 from MicrosoftDocs/main,https://github.com/MicrosoftDocs/azure-ai-docs/commit/e9f50107c8deff08e01d9f16658b31307288ba1f,learn-build-service-prod[bot] (@learn-build-service-prod[bot]),,,,2026-02-16T05:41:38Z,Merge pull request #10322 from PatrickFarley/speech-transcription-sdk,https://github.com/MicrosoftDocs/azure-ai-docs/commit/fbdea58b866a2f69e9df39b2bbad8e77714bc633,prmerger-automator[bot] (@prmerger-automator[bot]),,,,2026-02-16T03:17:31Z,merge conflict,https://github.com/MicrosoftDocs/azure-ai-docs/commit/a673b856f48a998b263491cfeb839df44956c6a1,Lauryn Gayhardt (@lgayhardt),,,
microsoft/customer-chatbot-solution-accelerator,microsoft,customer-chatbot-solution-accelerator,samples,main,5,2026-02-16T09:05:41Z,2026-02-16T09:05:41Z,Merge pull request #100 from microsoft/dev,https://github.com/microsoft/customer-chatbot-solution-accelerator/commit/58870486671cb477f3becdad8ed9e14dc694076d,Prajwal-Microsoft (@Prajwal-Microsoft),100,chore: Merge dev to main,https://github.com/microsoft/customer-chatbot-solution-accelerator/pull/100,2026-02-16T08:45:07Z,Merge pull request #99 from microsoft/dev-fix,https://github.com/microsoft/customer-chatbot-solution-accelerator/commit/e12ffcb4cf336d2ea83ff7da4bad8f13d76375a3,AjitPadhi-Microsoft (@AjitPadhi-Microsoft),99,fix: document and script issue fix,https://github.com/microsoft/customer-chatbot-solution-accelerator/pull/99,2026-02-16T07:57:07Z,updated as per comment,https://github.com/microsoft/customer-chatbot-solution-accelerator/commit/111ad26a286ea934cd7af1fdc2afefb578c7603d,Ajit Padhi (@AjitPadhi-Microsoft),99,fix: document and script issue fix,https://github.com/microsoft/customer-chatbot-solution-accelerator/pull/99,2026-02-16T07:46:03Z,document and script issue fix,https://github.com/microsoft/customer-chatbot-solution-accelerator/commit/e1c367936f5b35f1e65664f463af10558702b932,Ajit Padhi (@AjitPadhi-Microsoft),99,fix: document and script issue fix,https://github.com/microsoft/customer-chatbot-solution-accelerator/pull/99,2026-02-16T07:08:08Z,Merge pull request #86 from microsoft/dev,https://github.com/microsoft/customer-chatbot-solution-accelerator/commit/75b88439a124d807eb9c991f22338332ef0bb5b0,Avijit-Microsoft (@Avijit-Microsoft),86,chore: Merge from dev to main,https://github.com/microsoft/customer-chatbot-solution-accelerator/pull/86
Azure-Samples/Spec2Cloud,Azure-Samples,Spec2Cloud,samples,main,4,2026-02-16T13:29:22Z,2026-02-16T13:29:22Z,Update templates.json [automated],https://github.com/Azure-Samples/Spec2Cloud/commit/d665a5e21359541fc3637b6afc647baf31764f5c,github-actions[bot] (@github-actions[bot]),,,,2026-02-16T12:12:58Z,Update templates.json [automated],https://github.com/Azure-Samples/Spec2Cloud/commit/7b094bf2b067caefed42d6a61a587acfe8c9fd65,github-actions[bot] (@github-actions[bot]),,,,2026-02-16T10:19:24Z,Update templates.json [automated],https://github.com/Azure-Samples/Spec2Cloud/commit/3fbbc8cb3350757b58fe3f1ea0d813f6a872366d,github-actions[bot] (@github-actions[bot]),,,,2026-02-16T09:19:02Z,Update templates.json [automated],https://github.com/Azure-Samples/Spec2Cloud/commit/3fef23d04e1c1102f0cbe3ebf23afeca0af750aa,github-actions[bot] (@github-actions[bot]),,,,,,,,,,
MicrosoftDocs/reliability-docs,MicrosoftDocs,reliability-docs,docs,main,4,2026-02-16T12:02:09Z,2026-02-16T12:02:09Z,Merge pull request #90 from MicrosoftDocs/main,https://github.com/MicrosoftDocs/reliability-docs/commit/18e963b5ad0e2a58734f85a82ccff48372a53fd9,learn-build-service-prod[bot] (@learn-build-service-prod[bot]),,,,2026-02-16T09:34:42Z,Merge pull request #84 from glynnniall/updating-metadata-date,https://github.com/MicrosoftDocs/reliability-docs/commit/8d03c6bc779a8555984978545492df07acf0bf54,prmerger-automator[bot] (@prmerger-automator[bot]),,,,2026-02-15T23:01:53Z,Merge pull request #89 from MicrosoftDocs/main,https://github.com/MicrosoftDocs/reliability-docs/commit/d8ff32f8a400d4798a292b8eb78f79797e1dbcb3,learn-build-service-prod[bot] (@learn-build-service-prod[bot]),,,,2026-02-15T20:57:27Z,Merge pull request #85 from johndowns/include-updates,https://github.com/MicrosoftDocs/reliability-docs/commit/f138d1aca1e5e55e18e31f82bd7c1e65845d36ca,Jill Grant (@JillGrant615),,,,,,,,,,
microsoftgraph/github-issue-manager,microsoftgraph,github-issue-manager,samples,main,4,2026-02-16T02:15:45Z,2026-02-16T02:15:45Z,Merge pull request #52 from microsoftgraph/dependabot/nuget/src/Micro…,https://github.com/microsoftgraph/github-issue-manager/commit/9ea4ff4bd7e59ddd699e2952037cf01828cefc86,github-actions[bot] (@github-actions[bot]),52,Bump Microsoft.Azure.Functions.Worker.Extensions.DurableTask from 1.14.0 to 1.14.1,https://github.com/microsoftgraph/github-issue-manager/pull/52,2026-02-16T02:14:44Z,Bump Microsoft.Azure.Functions.Worker.Extensions.DurableTask from 1.1…,https://github.com/microsoftgraph/github-issue-manager/commit/6a7f30abb526bac62b963e3675d5215b30eb5bc4,dependabot[bot] (@dependabot[bot]),52,Bump Microsoft.Azure.Functions.Worker.Extensions.DurableTask from 1.14.0 to 1.14.1,https://github.com/microsoftgraph/github-issue-manager/pull/52,2026-02-16T02:12:21Z,Merge pull request #51 from microsoftgraph/dependabot/nuget/src/Markd…,https://github.com/microsoftgraph/github-issue-manager/commit/f164fca5a889aa728dcd7ffb259503911e8734f2,github-actions[bot] (@github-actions[bot]),51,Bump Markdig from 0.44.0 to 0.45.0,https://github.com/microsoftgraph/github-issue-manager/pull/51,2026-02-16T02:11:28Z,Bump Markdig from 0.44.0 to 0.45.0,https://github.com/microsoftgraph/github-issue-manager/commit/cecc722bae3117e2f597f1cfddf9a2baad494b81,dependabot[bot] (@dependabot[bot]),51,Bump Markdig from 0.44.0 to 0.45.0,https://github.com/microsoftgraph/github-issue-manager/pull/51,,,,,,,
Azure/template-reference-generator,Azure,template-reference-generator,reference,main,3,2026-02-16T11:04:06Z,2026-02-16T11:04:06Z,Update the Toc config file (#161),https://github.com/Azure/template-reference-generator/commit/a839e774a2fd38e2aae23722176a609d0af48c95,Jonathan Gao (@mumian),161,Update the Toc config file,https://github.com/Azure/template-reference-generator/pull/161,2026-02-16T10:59:56Z,Fix broken links (#160),https://github.com/Azure/template-reference-generator/commit/484464b45fe6492dd9872db70482656b35f5ab9a,Jonathan Gao (@mumian),160,Fix broken links,https://github.com/Azure/template-reference-generator/pull/160,2026-02-15T23:55:42Z,Bump Microsoft.SourceLink.GitHub from 10.0.102 to 10.0.103 (#162),https://github.com/Azure/template-reference-generator/commit/b0ca9d2d39c69643a1c79242ce396c5a35f30d8a,dependabot[bot] (@dependabot[bot]),162,Bump Microsoft.SourceLink.GitHub from 10.0.102 to 10.0.103,https://github.com/Azure/template-reference-generator/pull/162,,,,,,,,,,,,,,
microsoft/zerotrustassessment,microsoft,zerotrustassessment,samples,main,3,2026-02-16T10:33:16Z,2026-02-16T10:33:16Z,"Data - 35012 - Container Labels for Teams, Groups, and Sites (#895)",https://github.com/microsoft/zerotrustassessment/commit/04019c67ce26cfcee3d1775d57c0f26fe76d31be,aahmed-spec (@aahmed-spec),895,"Data - 35012 - Container Labels for Teams, Groups, and Sites",https://github.com/microsoft/zerotrustassessment/pull/895,2026-02-16T10:32:23Z,Network - 25541 - Application Gateway WAF is Enabled in Prevention mo…,https://github.com/microsoft/zerotrustassessment/commit/5104069adae7f9146bf231e459046475b51612f4,Naga Praneeth Chukka (@praneeth-0000),876,Network - 25541 - Application Gateway WAF is Enabled in Prevention mode,https://github.com/microsoft/zerotrustassessment/pull/876,2026-02-16T10:32:16Z,Network - 25379 - Compliant network controls are used in Conditional …,https://github.com/microsoft/zerotrustassessment/commit/2771b8333f893351e8249112cade19671b9cf986,Manoj Kesana (@Manoj-Kesana),865,Network - 25379 - Compliant network controls are used in Conditional Access policies,https://github.com/microsoft/zerotrustassessment/pull/865,,,,,,,,,,,,,,
MicrosoftDocs/azure-databases-docs,MicrosoftDocs,azure-databases-docs,docs,main,3,2026-02-16T06:03:31Z,2026-02-16T06:03:31Z,Merge pull request #4394 from MicrosoftDocs/main,https://github.com/MicrosoftDocs/azure-databases-docs/commit/9f23283aff80c401b9f285921795a7c04e13679e,learn-build-service-prod[bot] (@learn-build-service-prod[bot]),,,,2026-02-16T01:02:35Z,Merge pull request #4287 from MicrosoftDocs/0cac7bf6-3134-4b10-b46b-3…,https://github.com/MicrosoftDocs/azure-databases-docs/commit/63704f5fe71fd463b2bd24f75377c5b686b57096,learn-build-service-prod[bot] (@learn-build-service-prod[bot]),,,,2026-02-16T01:02:31Z,Merge pull request #4288 from MicrosoftDocs/c6d02094-70e7-4a2b-bfed-f…,https://github.com/MicrosoftDocs/azure-databases-docs/commit/7546d08fa1262ae2ecd79c04b6601ae4e05693ea,learn-build-service-prod[bot] (@learn-build-service-prod[bot]),,,,,,,,,,,,,,,,,
dotnet/msbuild,dotnet,msbuild,docs,main,2,2026-02-16T14:00:20Z,2026-02-16T14:00:20Z,Manual empty backflow of dotnet/dotnet (#13261),https://github.com/dotnet/msbuild/commit/6222dd3a56c9c415250f77b4c8be2bf58b93eaae,Přemek Vysoký (@premun),13261,Manual empty backflow of dotnet/dotnet,https://github.com/dotnet/msbuild/pull/13261,2026-02-15T16:53:52Z,Update runtime packages to 10.0.2 (#13257),https://github.com/dotnet/msbuild/commit/fb68c81c29dd88c54fc6ccb7ea4557d5bdf4a727,MichalPavlik (@MichalPavlik),13257,Update runtime packages to 10.0.2,https://github.com/dotnet/msbuild/pull/13257,,,,,,,,,,,,,,,,,,,,,
microsoft/kiota-java,microsoft,kiota-java,docs,main,2,2026-02-16T12:41:50Z,2026-02-16T12:41:50Z,Merge pull request #2082 from microsoft/dependabot/gradle/junit-depen…,https://github.com/microsoft/kiota-java/commit/3ef3cf2f7699e8b1683b2b86ba762e0fe8b3e06e,github-actions[bot] (@github-actions[bot]),2082,chore(deps): bump the junit-dependencies group across 1 directory with 2 updates,https://github.com/microsoft/kiota-java/pull/2082,2026-02-16T09:07:58Z,chore(deps): bump the junit-dependencies group across 1 directory wit…,https://github.com/microsoft/kiota-java/commit/52a9b8c6fcaad8d22664fb600be47e3971e036ba,dependabot[bot] (@dependabot[bot]),2082,chore(deps): bump the junit-dependencies group across 1 directory with 2 updates,https://github.com/microsoft/kiota-java/pull/2082,,,,,,,,,,,,,,,,,,,,,
Azure/azure-sdk-for-java,Azure,azure-sdk-for-java,docs,main,2,2026-02-16T10:20:48Z,2026-02-16T10:20:48Z,[AutoPR azure-resourcemanager-managedops]-generated-from-SDK Generati…,https://github.com/Azure/azure-sdk-for-java/commit/3ab1e6d3491f4c439776069ecabdc55450de3386,Azure SDK Bot (@azure-sdk),47788,[AutoPR azure-resourcemanager-managedops]-generated-from-SDK Generation - Java-5788711,https://github.com/Azure/azure-sdk-for-java/pull/47788,2026-02-16T10:19:38Z,Increment package versions for artifactsigning releases (#48017),https://github.com/Azure/azure-sdk-for-java/commit/1fb8e38ed99e935e402eade760277555a372a9b0,Azure SDK Bot (@azure-sdk),48017,Increment versions for artifactsigning releases,https://github.com/Azure/azure-sdk-for-java/pull/48017,,,,,,,,,,,,,,,,,,,,,
microsoftgraph/msgraph-sample-copilot-plugin,microsoftgraph,msgraph-sample-copilot-plugin,samples,main,2,2026-02-16T08:28:39Z,2026-02-16T08:28:39Z,Merge pull request #96 from microsoftgraph/dependabot/nuget/api/Micro…,https://github.com/microsoftgraph/msgraph-sample-copilot-plugin/commit/226e5ae84e07037c8a3e69aba7e10554dd9b4d4a,github-actions[bot] (@github-actions[bot]),96,Bump Microsoft.AspNetCore.OpenApi from 9.0.12 to 9.0.13,https://github.com/microsoftgraph/msgraph-sample-copilot-plugin/pull/96,2026-02-16T08:28:01Z,Bump Microsoft.AspNetCore.OpenApi from 9.0.12 to 9.0.13,https://github.com/microsoftgraph/msgraph-sample-copilot-plugin/commit/47294f5f61b4b3132be7a65d5c014465c4ae6c8c,dependabot[bot] (@dependabot[bot]),96,Bump Microsoft.AspNetCore.OpenApi from 9.0.12 to 9.0.13,https://github.com/microsoftgraph/msgraph-sample-copilot-plugin/pull/96,,,,,,,,,,,,,,,,,,,,,
dotnet/efcore,dotnet,efcore,docs,main,2,2026-02-16T08:14:56Z,2026-02-16T08:14:56Z,Update dependencies from build 301941 (#37717),https://github.com/dotnet/efcore/commit/9db94035836a745f83dacdf14d2a7871c01f9900,dotnet-maestro[bot] (@dotnet-maestro[bot]),37717,[main] Source code updates from dotnet/dotnet,https://github.com/dotnet/efcore/pull/37717,2026-02-15T18:50:20Z,Skip problematic Cosmos test (#37706),https://github.com/dotnet/efcore/commit/a471ebfd9564bc14fb188407a84a031b69d29f77,Shay Rojansky (@roji),37706,[TINY] Skip problematic Cosmos test,https://github.com/dotnet/efcore/pull/37706,,,,,,,,,,,,,,,,,,,,,
MicrosoftDocs/azure-docs-sdk-python,MicrosoftDocs,azure-docs-sdk-python,docs,main,2,2026-02-16T06:02:52Z,2026-02-16T06:02:52Z,Update docs metadata,https://github.com/MicrosoftDocs/azure-docs-sdk-python/commit/c47697a04e3e3e3a0c65f5f1f8a90e7202c1ef6c,azure-sdk (@azure-sdk),,,,2026-02-15T15:06:51Z,Update docs metadata,https://github.com/MicrosoftDocs/azure-docs-sdk-python/commit/5dee6597e4471610ebde90dad6e33828a176caff,azure-sdk (@azure-sdk),,,,,,,,,,,,,,,,,,,,,,,,
microsoft/Modernize-your-code-solution-accelerator,microsoft,Modernize-your-code-solution-accelerator,samples,main,2,2026-02-16T05:02:50Z,2026-02-16T05:02:50Z,Merge pull request #344 from microsoft/dev,https://github.com/microsoft/Modernize-your-code-solution-accelerator/commit/5bffec041e5267d0b7d7d02b13cb9c8ff1261f92,Roopan-Microsoft (@Roopan-Microsoft),344,chore: Dev to main,https://github.com/microsoft/Modernize-your-code-solution-accelerator/pull/344,2026-02-16T04:15:50Z,Merge branch 'main' into dev,https://github.com/microsoft/Modernize-your-code-solution-accelerator/commit/706dd31d465366daa69a57dc14563967b5441367,Shreyas-Microsoft,344,chore: Dev to main,https://github.com/microsoft/Modernize-your-code-solution-accelerator/pull/344,,,,,,,,,,,,,,,,,,,,,
microsoftgraph/msgraph-sample-eventgrid-notifications-typescript,microsoftgraph,msgraph-sample-eventgrid-notifications-typescript,samples,main,2,2026-02-16T03:18:09Z,2026-02-16T03:18:09Z,Merge pull request #364 from microsoftgraph/dependabot/npm_and_yarn/t…,https://github.com/microsoftgraph/msgraph-sample-eventgrid-notifications-typescript/commit/ad19866a72232f133ff946773c1d05892a085a0c,github-actions[bot] (@github-actions[bot]),364,Bump @typescript-eslint/eslint-plugin from 8.54.0 to 8.55.0,https://github.com/microsoftgraph/msgraph-sample-eventgrid-notifications-typescript/pull/364,2026-02-16T03:17:45Z,Bump @typescript-eslint/eslint-plugin from 8.54.0 to 8.55.0,https://github.com/microsoftgraph/msgraph-sample-eventgrid-notifications-typescript/commit/de2e0200bc30ceb5df5a49dfb225ebf27b655233,dependabot[bot] (@dependabot[bot]),364,Bump @typescript-eslint/eslint-plugin from 8.54.0 to 8.55.0,https://github.com/microsoftgraph/msgraph-sample-eventgrid-notifications-typescript/pull/364,,,,,,,,,,,,,,,,,,,,,
microsoftgraph/msgraph-snippets-php,microsoftgraph,msgraph-snippets-php,docs,main,2,2026-02-16T02:44:11Z,2026-02-16T02:44:11Z,Merge pull request #84 from microsoftgraph/dependabot/composer/phpsta…,https://github.com/microsoftgraph/msgraph-snippets-php/commit/3e0245523cea470f9681ab0de8e70a29e64dca6f,github-actions[bot] (@github-actions[bot]),84,Bump phpstan/phpstan from 2.1.38 to 2.1.39,https://github.com/microsoftgraph/msgraph-snippets-php/pull/84,2026-02-16T02:43:36Z,Bump phpstan/phpstan from 2.1.38 to 2.1.39,https://github.com/microsoftgraph/msgraph-snippets-php/commit/e11579cd304d7c2b2497c90cd81bbcb20f77c92f,dependabot[bot] (@dependabot[bot]),84,Bump phpstan/phpstan from 2.1.38 to 2.1.39,https://github.com/microsoftgraph/msgraph-snippets-php/pull/84,,,,,,,,,,,,,,,,,,,,,
MicrosoftDocs/azure-docs-cli,MicrosoftDocs,azure-docs-cli,docs,main,1,2026-02-16T13:47:34Z,2026-02-16T13:47:34Z,CI Update,https://github.com/MicrosoftDocs/azure-docs-cli/commit/8e199b8f0163601da2e97f3ce54827cf8ef54d46,docsreference@microsoft.com,,,,,,,,,,,,,,,,,,,,,,,,,,,,,,,
microsoft/kiota,microsoft,kiota,docs,main,1,2026-02-16T12:43:42Z,2026-02-16T12:43:42Z,build(deps-dev): bump rimraf from 6.1.2 to 6.1.3 in /vscode (#7388),https://github.com/microsoft/kiota/commit/47b1367beae2c28c50e90612727717a7655abf69,dependabot[bot] (@dependabot[bot]),7388,build(deps-dev): bump rimraf from 6.1.2 to 6.1.3 in /vscode,https://github.com/microsoft/kiota/pull/7388,,,,,,,,,,,,,,,,,,,,,,,,,,,,
microsoft/kiota-dotnet,microsoft,kiota-dotnet,docs,main,1,2026-02-16T12:43:10Z,2026-02-16T12:43:10Z,Bump the coverlet group with 2 updates (#654),https://github.com/microsoft/kiota-dotnet/commit/b6370425c4d45e11f68659f9e1b0b9aca3ed3fc3,dependabot[bot] (@dependabot[bot]),654,Bump the coverlet group with 2 updates,https://github.com/microsoft/kiota-dotnet/pull/654,,,,,,,,,,,,,,,,,,,,,,,,,,,,
MicrosoftDocs/edge-developer,MicrosoftDocs,edge-developer,docs,main,1,2026-02-16T09:49:13Z,2026-02-16T09:49:13Z,Check if recent web platform release notes are correct (#3712),https://github.com/MicrosoftDocs/edge-developer/commit/00e880598465e1c289546e47827f44295f6b19be,Patrick Brosset (@captainbrosset),3712,Check if recent web platform release notes are correct,https://github.com/MicrosoftDocs/edge-developer/pull/3712,,,,,,,,,,,,,,,,,,,,,,,,,,,,
Azure-Samples/chat-with-your-data-solution-accelerator,Azure-Samples,chat-with-your-data-solution-accelerator,samples,main,1,2026-02-16T09:34:52Z,2026-02-16T09:34:52Z,ci: Added v2 Deployment Pipeline and Integrated Smoke Testing cases (…,https://github.com/Azure-Samples/chat-with-your-data-solution-accelerator/commit/48dd7144be5f924108e0dd003060cd021b2b4e1c,Vamshi-Microsoft (@Vamshi-Microsoft),2062,ci: Added v2 Deployment Pipeline and Integrated Smoke Testing cases,https://github.com/Azure-Samples/chat-with-your-data-solution-accelerator/pull/2062,,,,,,,,,,,,,,,,,,,,,,,,,,,,
Azure-Samples/ollama-javascript-playground,Azure-Samples,ollama-javascript-playground,samples,main,1,2026-02-16T08:57:40Z,2026-02-16T08:57:40Z,chore(deps): bump axios from 1.12.1 to 1.13.5 (#9),https://github.com/Azure-Samples/ollama-javascript-playground/commit/8e11ae4fa7c4cb2476b390f8fd96e73a32b35693,dependabot[bot] (@dependabot[bot]),9,chore(deps): bump axios from 1.12.1 to 1.13.5,https://github.com/Azure-Samples/ollama-javascript-playground/pull/9,,,,,,,,,,,,,,,,,,,,,,,,,,,,
Azure-Samples/deepseek-js,Azure-Samples,deepseek-js,samples,main,1,2026-02-16T08:56:50Z,2026-02-16T08:56:50Z,build: configure for remote build & update .funcignore and azure.yaml,https://github.com/Azure-Samples/deepseek-js/commit/a4017356ca146b412508d968a1b318587bfb099f,Anthony Chu (@anthonychu),4,Configure for remote build: update .funcignore and azure.yaml,https://github.com/Azure-Samples/deepseek-js/pull/4,,,,,,,,,,,,,,,,,,,,,,,,,,,,
Azure-Samples/openai-secure-ui-js,Azure-Samples,openai-secure-ui-js,samples,main,1,2026-02-16T08:55:35Z,2026-02-16T08:55:35Z,infra: add remoteBuild flag to azure.yaml (#11),https://github.com/Azure-Samples/openai-secure-ui-js/commit/1311150a78e7ce6fd41576d300396cca4f5141b8,Anthony Chu (@anthonychu),11,Configure for remote build: update azure.yaml,https://github.com/Azure-Samples/openai-secure-ui-js/pull/11,,,,,,,,,,,,,,,,,,,,,,,,,,,,
dotnet/docfx,dotnet,docfx,docs,main,1,2026-02-16T08:44:48Z,2026-02-16T08:44:48Z,Bump coverlet.collector from 6.0.4 to 8.0.0 (#10998),https://github.com/dotnet/docfx/commit/292d1485fc9db44a3b9d5ab71ccb543e568ae538,dependabot[bot] (@dependabot[bot]),10998,Bump coverlet.collector from 6.0.4 to 8.0.0,https://github.com/dotnet/docfx/pull/10998,,,,,,,,,,,,,,,,,,,,,,,,,,,,
MicrosoftDocs/azure-docs-sdk-node,MicrosoftDocs,azure-docs-sdk-node,docs,main,1,2026-02-16T06:02:23Z,2026-02-16T06:02:23Z,Update docs metadata,https://github.com/MicrosoftDocs/azure-docs-sdk-node/commit/f83db843a3b6d1c091980aaa6f2f5bd29ef600be,azure-sdk (@azure-sdk),,,,,,,,,,,,,,,,,,,,,,,,,,,,,,,
microsoft/agentic-applications-for-unified-data-foundation-solution-accelerator,microsoft,agentic-applications-for-unified-data-foundation-solution-accelerator,samples,main,1,2026-02-16T05:38:42Z,2026-02-16T05:38:42Z,Merge pull request #216 from microsoft/tech-connect-sql,https://github.com/microsoft/agentic-applications-for-unified-data-foundation-solution-accelerator/commit/471c1502448e0e4c59d8b885bddb0e11373dc70b,Prajwal-Microsoft (@Prajwal-Microsoft),216,fix: Moved the .env to scripts folder,https://github.com/microsoft/agentic-applications-for-unified-data-foundation-solution-accelerator/pull/216,,,,,,,,,,,,,,,,,,,,,,,,,,,,
microsoft/Multi-Agent-Custom-Automation-Engine-Solution-Accelerator,microsoft,Multi-Agent-Custom-Automation-Engine-Solution-Accelerator,docs,main,1,2026-02-16T05:21:32Z,2026-02-16T05:21:32Z,Merge pull request #814 from microsoft/dev-v4,https://github.com/microsoft/Multi-Agent-Custom-Automation-Engine-Solution-Accelerator/commit/6443c2f435343b9333fad19b49a74d9589e9d4a0,Avijit-Microsoft (@Avijit-Microsoft),814,chore: Dev v4 to main,https://github.com/microsoft/Multi-Agent-Custom-Automation-Engine-Solution-Accelerator/pull/814,,,,,,,,,,,,,,,,,,,,,,,,,,,,
Azure/azure-cli-extensions,Azure,azure-cli-extensions,docs,main,1,2026-02-16T03:25:42Z,2026-02-16T03:25:42Z,{AKS} `az aks create/update`: Add `--enable-default-domain` and `--di…,https://github.com/Azure/azure-cli-extensions/commit/179e0c7ab1ac2a82618a021507059ddf8a127b0d,Oliver King (@OliverMKing),9578,{AKS} `az aks create/update`: Add `--enable-default-domain` and `--disable-default-domain` parameters to manage the default domain feature for web app routing,https://github.com/Azure/azure-cli-extensions/pull/9578,,,,,,,,,,,,,,,,,,,,,,,,,,,,
microsoft/amplifier-module-tool-web,microsoft,amplifier-module-tool-web,docs,main,1,2026-02-16T02:41:54Z,2026-02-16T02:41:54Z,fix: pin primp<1.0.0 to avoid ddgs impersonation breakage (#3),https://github.com/microsoft/amplifier-module-tool-web/commit/4ed3af01b71d19d8bc9875a28e1bbc7c79055f19,Brian Krabach (@bkrabach),3,fix: pin primp<1.0.0 to avoid ddgs impersonation breakage,https://github.com/microsoft/amplifier-module-tool-web/pull/3,,,,,,,,,,,,,,,,,,,,,,,,,,,,
microsoft/mcp-dotnet-samples,microsoft,mcp-dotnet-samples,samples,main,1,2026-02-16T00:38:03Z,2026-02-16T00:38:03Z,Update metadata.json,https://github.com/microsoft/mcp-dotnet-samples/commit/a313f9cd9d33cf73cf0d886987553d7e82859559,GitHub Actions (@actions-user),,,,,,,,,,,,,,,,,,,,,,,,,,,,,,,
Azure-Samples/semantic-kernel-customer-assistant-demo-java,Azure-Samples,semantic-kernel-customer-assistant-demo-java,samples,main,1,2026-02-16T00:27:10Z,2026-02-16T00:27:10Z,Merge pull request #42 from Azure-Samples/dependabot/npm_and_yarn/src…,https://github.com/Azure-Samples/semantic-kernel-customer-assistant-demo-java/commit/e48b4d8ddb23590a997190d41c9e07936cc9b42a,Martijn Verburg (@karianna),42,Bump jsonpath from 1.2.0 to 1.2.1 in /src/main/webapp,https://github.com/Azure-Samples/semantic-kernel-customer-assistant-demo-java/pull/42,,,,,,,,,,,,,,,,,,,,,,,,,,,,
microsoft/onnxruntime,microsoft,onnxruntime,samples,main,1,2026-02-15T19:53:34Z,2026-02-15T19:53:34Z,Fix misaligned addresses while reading tensor attributes from raw dat…,https://github.com/microsoft/onnxruntime/commit/0df5dbc7c4d37c6384691504acdd25daeface454,n-v-k (@n-v-k),27312,Fix misaligned addresses while reading tensor attributes from raw data buffers,https://github.com/microsoft/onnxruntime/pull/27312,,,,,,,,,,,,,,,,,,,,,,,,,,,,
microsoft/AZD-for-beginners,microsoft,AZD-for-beginners,samples,main,1,2026-02-15T19:26:10Z,2026-02-15T19:26:10Z,Merge pull request #86 from microsoft/update-translations,https://github.com/microsoft/AZD-for-beginners/commit/0377464a2df61a1be80d7f3f8b7548a88718baec,Lee Stott (@leestott),86,chore(i18n): sync translations with latest source changes,https://github.com/microsoft/AZD-for-beginners/pull/86,,,,,,,,,,,,,,,,,,,,,,,,,,,,
MicrosoftDocs/azure-docs-sdk-java,MicrosoftDocs,azure-docs-sdk-java,docs,main,1,2026-02-15T15:16:08Z,2026-02-15T15:16:08Z,Update docs metadata,https://github.com/MicrosoftDocs/azure-docs-sdk-java/commit/01e620e710dd3d4ffff263c8f0038269cc6a452c,azure-sdk (@azure-sdk),,,,,,,,,,,,,,,,,,,,,,,,,,,,,,,
